{"0": {"pre": 0.9375, "rec": 1.0, "spe": 0.9523809523809523, "f1": 0.967741935483871, "geo": 0.9759000729485332, "iba": 0.9569160997732427, "sup": 15}, "1": {"pre": 1.0, "rec": 1.0, "spe": 1.0, "f1": 1.0, "geo": 1.0, "iba": 1.0, "sup": 15}, "2": {"pre": 1.0, "rec": 0.8333333333333334, "spe": 1.0, "f1": 0.9090909090909091, "geo": 0.9128709291752769, "iba": 0.8194444444444445, "sup": 6}, "avg_pre": 0.9739583333333334, "avg_rec": 0.9722222222222222, "avg_spe": 0.9801587301587301, "avg_f1": 0.971407624633431, "avg_geo": 0.975436851924435, "avg_iba": 0.9519557823129252, "total_support": 36, "accuracy": 0.9722222222222222}