{"0": {"pre": 1.0, "rec": 0.9333333333333333, "spe": 1.0, "f1": 0.9655172413793104, "geo": 0.9660917830792959, "iba": 0.9271111111111111, "sup": 15}, "1": {"pre": 1.0, "rec": 1.0, "spe": 1.0, "f1": 1.0, "geo": 1.0, "iba": 1.0, "sup": 16}, "2": {"pre": 0.875, "rec": 1.0, "spe": 0.967741935483871, "f1": 0.9333333333333333, "geo": 0.9837387536759294, "iba": 0.9708636836628511, "sup": 7}, "avg_pre": 0.9769736842105263, "avg_rec": 0.9736842105263158, "avg_spe": 0.9940577249575552, "avg_f1": 0.974107683000605, "avg_geo": 0.9836196847873933, "avg_iba": 0.9658608540080692, "total_support": 38, "accuracy": 0.9736842105263158}