{"0": {"pre": 0.8823529411764706, "rec": 1.0, "spe": 0.9130434782608695, "f1": 0.9375, "geo": 0.9555330859059091, "iba": 0.9209829867674857, "sup": 15}, "1": {"pre": 1.0, "rec": 1.0, "spe": 1.0, "f1": 1.0, "geo": 1.0, "iba": 1.0, "sup": 16}, "2": {"pre": 1.0, "rec": 0.7142857142857143, "spe": 1.0, "f1": 0.8333333333333334, "geo": 0.8451542547285166, "iba": 0.6938775510204082, "sup": 7}, "avg_pre": 0.9535603715170279, "avg_rec": 0.9473684210526315, "avg_spe": 0.9656750572082381, "avg_f1": 0.9446271929824562, "avg_geo": 0.953923054518112, "avg_iba": 0.9124180962803984, "total_support": 38, "accuracy": 0.9473684210526315}