{"0": {"pre": 1.0, "rec": 0.9333333333333333, "spe": 1.0, "f1": 0.9655172413793104, "geo": 0.9660917830792959, "iba": 0.9271111111111111, "sup": 15}, "1": {"pre": 1.0, "rec": 1.0, "spe": 1.0, "f1": 1.0, "geo": 1.0, "iba": 1.0, "sup": 16}, "2": {"pre": 0.8571428571428571, "rec": 1.0, "spe": 0.967741935483871, "f1": 0.9230769230769231, "geo": 0.9837387536759294, "iba": 0.9708636836628511, "sup": 6}, "avg_pre": 0.9768339768339768, "avg_rec": 0.972972972972973, "avg_spe": 0.994768962510898, "avg_f1": 0.9735464907878703, "avg_geo": 0.9836164667093247, "avg_iba": 0.9657256423957776, "total_support": 37, "accuracy": 0.972972972972973}